No;COUNTRY;Province;Date;Confirmed;Recovered;Deaths
1;INDONESIA;INDONESIA;02/03/2020;2;0;0
2;INDONESIA;INDONESIA;03/03/2020;2;0;0
3;INDONESIA;INDONESIA;04/03/2020;2;0;0
4;INDONESIA;INDONESIA;05/03/2020;2;0;0
5;INDONESIA;INDONESIA;06/03/2020;4;0;0
6;INDONESIA;INDONESIA;07/03/2020;4;0;0
7;INDONESIA;INDONESIA;08/03/2020;6;0;0
8;INDONESIA;INDONESIA;09/03/2020;19;0;0
9;INDONESIA;INDONESIA;10/03/2020;27;2;0
10;INDONESIA;INDONESIA;11/03/2020;34;2;1
11;INDONESIA;INDONESIA;12/03/2020;34;2;1
12;INDONESIA;INDONESIA;13/03/2020;69;2;4
13;INDONESIA;INDONESIA;14/03/2020;96;8;5
14;INDONESIA;INDONESIA;15/03/2020;117;8;5
15;INDONESIA;INDONESIA;16/03/2020;134;8;5
16;INDONESIA;INDONESIA;17/03/2020;172;8;5
17;INDONESIA;INDONESIA;18/03/2020;227;11;19
18;INDONESIA;BALI;19/03/2020;1;0;1
19;INDONESIA;BANTEN;19/03/2020;27;1;1
20;INDONESIA;DI YOGYAKARTA;19/03/2020;5;0;0
21;INDONESIA;DKI JAKARTA;19/03/2020;210;13;17
22;INDONESIA;JAWA BARAT;19/03/2020;26;1;1
23;INDONESIA;JAWA TENGAH;19/03/2020;12;0;3
24;INDONESIA;JAWA TIMUR;19/03/2020;9;0;1
25;INDONESIA;KALIMANTAN BARAT;19/03/2020;2;0;0
26;INDONESIA;KALIMANTAN TIMUR;19/03/2020;3;0;0
27;INDONESIA;KEPULAUAN RIAU;19/03/2020;3;0;0
28;INDONESIA;SULAWESI UTARA;19/03/2020;1;0;0
29;INDONESIA;SUMATERA UTARA;19/03/2020;2;0;1
30;INDONESIA;SULAWESI TENGGARA;19/03/2020;3;0;0
31;INDONESIA;SULAWESI SELATAN;19/03/2020;2;0;0
32;INDONESIA;LAMPUNG;19/03/2020;1;0;0
33;INDONESIA;RIAU;19/03/2020;2;0;0
34;INDONESIA;BALI;20/03/2020;4;0;1
35;INDONESIA;BANTEN;20/03/2020;37;1;1
36;INDONESIA;DI YOGYAKARTA;20/03/2020;4;0;0
37;INDONESIA;DKI JAKARTA;20/03/2020;215;14;18
38;INDONESIA;JAWA BARAT;20/03/2020;41;1;7
39;INDONESIA;JAWA TENGAH;20/03/2020;12;0;3
40;INDONESIA;JAWA TIMUR;20/03/2020;15;1;1
41;INDONESIA;KALIMANTAN BARAT;20/03/2020;2;0;0
42;INDONESIA;KALIMANTAN TIMUR;20/03/2020;10;0;0
43;INDONESIA;KALIMANTAN TENGAH;20/03/2020;2;0;0
44;INDONESIA;KEPULAUAN RIAU;20/03/2020;4;0;0
45;INDONESIA;SULAWESI UTARA;20/03/2020;1;0;0
46;INDONESIA;SUMATERA UTARA;20/03/2020;2;0;1
47;INDONESIA;SULAWESI TENGGARA;20/03/2020;3;0;0
48;INDONESIA;SULAWESI SELATAN;20/03/2020;2;0;0
49;INDONESIA;LAMPUNG;20/03/2020;1;0;0
50;INDONESIA;RIAU;20/03/2020;1;0;0
51;INDONESIA;BALI;21/03/2020;3;0;1
52;INDONESIA;BANTEN;21/03/2020;43;1;2
53;INDONESIA;DI YOGYAKARTA;21/03/2020;5;1;0
54;INDONESIA;DKI JAKARTA;21/03/2020;267;17;23
55;INDONESIA;JAWA BARAT;21/03/2020;55;1;7
56;INDONESIA;JAWA TENGAH;21/03/2020;14;0;3
57;INDONESIA;JAWA TIMUR;21/03/2020;26;0;1
58;INDONESIA;KALIMANTAN BARAT;21/03/2020;2;0;0
59;INDONESIA;KALIMANTAN TIMUR;21/03/2020;9;0;0
60;INDONESIA;KALIMANTAN TENGAH;21/03/2020;2;0;0
61;INDONESIA;KEPULAUAN RIAU;21/03/2020;4;0;0
62;INDONESIA;SULAWESI UTARA;21/03/2020;1;0;0
63;INDONESIA;SUMATERA UTARA;21/03/2020;2;0;1
64;INDONESIA;SULAWESI TENGGARA;21/03/2020;3;0;0
65;INDONESIA;SULAWESI SELATAN;21/03/2020;2;0;0
66;INDONESIA;LAMPUNG;21/03/2020;1;0;0
67;INDONESIA;RIAU;21/03/2020;1;0;0
68;INDONESIA;BALI;22/03/2020;3;0;2
69;INDONESIA;BANTEN;22/03/2020;47;1;3
70;INDONESIA;DI YOGYAKARTA;22/03/2020;5;1;0
71;INDONESIA;DKI JAKARTA;22/03/2020;307;22;29
72;INDONESIA;JAWA BARAT;22/03/2020;59;5;9
73;INDONESIA;JAWA TENGAH;22/03/2020;15;0;3
74;INDONESIA;JAWA TIMUR;22/03/2020;41;0;1
75;INDONESIA;KALIMANTAN BARAT;22/03/2020;2;0;0
76;INDONESIA;KALIMANTAN TIMUR;22/03/2020;9;0;0
77;INDONESIA;KALIMANTAN TENGAH;22/03/2020;2;0;0
78;INDONESIA;KALIMANTAN SELATAN;22/03/2020;1;0;0
79;INDONESIA;KEPULAUAN RIAU;22/03/2020;4;0;0
80;INDONESIA;SULAWESI UTARA;22/03/2020;1;0;0
81;INDONESIA;SUMATERA UTARA;22/03/2020;2;0;1
82;INDONESIA;SULAWESI TENGGARA;22/03/2020;3;0;0
83;INDONESIA;SULAWESI SELATAN;22/03/2020;2;0;0
84;INDONESIA;LAMPUNG;22/03/2020;1;0;0
85;INDONESIA;RIAU;22/03/2020;1;0;0
86;INDONESIA;MALUKU ;22/03/2020;1;0;0
87;INDONESIA;PAPUA;22/03/2020;2;0;0
88;INDONESIA;BALI;23/03/2020;6;0;2
89;INDONESIA;BANTEN;23/03/2020;56;1;3
90;INDONESIA;DI YOGYAKARTA;23/03/2020;5;1;0
91;INDONESIA;DKI JAKARTA;23/03/2020;353;23;29
92;INDONESIA;JAMBI;23/03/2020;1;0;0
93;INDONESIA;JAWA BARAT;23/03/2020;59;5;9
94;INDONESIA;JAWA TENGAH;23/03/2020;15;0;3
95;INDONESIA;JAWA TIMUR;23/03/2020;41;0;1
96;INDONESIA;KALIMANTAN BARAT;23/03/2020;2;0;0
97;INDONESIA;KALIMANTAN TIMUR;23/03/2020;11;0;0
98;INDONESIA;KALIMANTAN TENGAH;23/03/2020;2;0;0
99;INDONESIA;KALIMANTAN SELATAN;23/03/2020;1;0;0
100;INDONESIA;KEPULAUAN RIAU;23/03/2020;5;0;0
101;INDONESIA;SULAWESI UTARA;23/03/2020;1;0;0
102;INDONESIA;SUMATERA UTARA;23/03/2020;2;0;1
103;INDONESIA;SULAWESI TENGGARA;23/03/2020;3;0;0
104;INDONESIA;SULAWESI SELATAN;23/03/2020;2;0;1
105;INDONESIA;LAMPUNG;23/03/2020;1;0;0
106;INDONESIA;RIAU;23/03/2020;1;0;0
107;INDONESIA;MALUKU UTARA;23/03/2020;1;0;0
108;INDONESIA;MALUKU ;23/03/2020;1;0;0
109;INDONESIA;PAPUA;23/03/2020;2;0;0
110;INDONESIA;BALI;24/03/2020;6;0;2
111;INDONESIA;BANTEN;24/03/2020;65;1;4
112;INDONESIA;DI YOGYAKARTA;24/03/2020;6;1;1
113;INDONESIA;DKI JAKARTA;24/03/2020;424;23;31
114;INDONESIA;JAMBI;24/03/2020;1;0;0
115;INDONESIA;JAWA BARAT;24/03/2020;60;5;10
116;INDONESIA;JAWA TENGAH;24/03/2020;19;0;3
117;INDONESIA;JAWA TIMUR;24/03/2020;51;0;1
118;INDONESIA;KALIMANTAN BARAT;24/03/2020;3;0;0
119;INDONESIA;KALIMANTAN TIMUR;24/03/2020;11;0;0
120;INDONESIA;KALIMANTAN TENGAH;24/03/2020;3;0;0
121;INDONESIA;KALIMANTAN SELATAN;24/03/2020;1;0;0
122;INDONESIA;KEPULAUAN RIAU;24/03/2020;5;0;1
123;INDONESIA;NUSA TENGGARA BARAT;24/03/2020;1;0;0
124;INDONESIA;SUMATERA SELATAN;24/03/2020;1;0;0
125;INDONESIA;SULAWESI UTARA;24/03/2020;2;0;0
126;INDONESIA;SUMATERA UTARA;24/03/2020;7;0;1
127;INDONESIA;SULAWESI TENGGARA;24/03/2020;3;0;0
128;INDONESIA;SULAWESI SELATAN;24/03/2020;4;0;1
129;INDONESIA;LAMPUNG;24/03/2020;1;0;0
130;INDONESIA;RIAU;24/03/2020;2;0;0
131;INDONESIA;MALUKU UTARA;24/03/2020;1;0;0
132;INDONESIA;MALUKU ;24/03/2020;1;0;0
133;INDONESIA;PAPUA;24/03/2020;3;0;0
134;INDONESIA;BALI;25/03/2020;9;0;2
135;INDONESIA;BANTEN;25/03/2020;67;1;4
136;INDONESIA;DI YOGYAKARTA;25/03/2020;17;1;2
137;INDONESIA;DKI JAKARTA;25/03/2020;462;23;31
138;INDONESIA;JAMBI;25/03/2020;1;0;0
139;INDONESIA;JAWA BARAT;25/03/2020;73;5;10
140;INDONESIA;JAWA TENGAH;25/03/2020;38;0;3
141;INDONESIA;JAWA TIMUR;25/03/2020;51;1;2
142;INDONESIA;KALIMANTAN BARAT;25/03/2020;3;0;0
143;INDONESIA;KALIMANTAN TIMUR;25/03/2020;11;0;0
144;INDONESIA;KALIMANTAN TENGAH;25/03/2020;4;0;0
145;INDONESIA;KALIMANTAN SELATAN;25/03/2020;1;0;0
146;INDONESIA;KEPULAUAN RIAU;25/03/2020;5;0;1
147;INDONESIA;NUSA TENGGARA BARAT;25/03/2020;2;0;0
148;INDONESIA;SUMATERA SELATAN;25/03/2020;1;0;1
149;INDONESIA;SULAWESI UTARA;25/03/2020;2;0;0
150;INDONESIA;SUMATERA UTARA;25/03/2020;8;0;1
151;INDONESIA;SULAWESI TENGGARA;25/03/2020;3;0;0
152;INDONESIA;SULAWESI SELATAN;25/03/2020;13;0;1
153;INDONESIA;LAMPUNG;25/03/2020;1;0;0
154;INDONESIA;RIAU;25/03/2020;1;0;0
155;INDONESIA;MALUKU UTARA;25/03/2020;1;0;0
156;INDONESIA;MALUKU ;25/03/2020;1;0;0
157;INDONESIA;PAPUA;25/03/2020;3;0;0
158;INDONESIA;ACEH;26/03/2020;1;0;0
159;INDONESIA;BALI;26/03/2020;9;0;2
160;INDONESIA;BANTEN;26/03/2020;67;1;4
161;INDONESIA;DI YOGYAKARTA;26/03/2020;16;1;2
162;INDONESIA;DKI JAKARTA;26/03/2020;515;25;46
163;INDONESIA;JAMBI;26/03/2020;1;0;0
164;INDONESIA;JAWA BARAT;26/03/2020;78;5;11
165;INDONESIA;JAWA TENGAH;26/03/2020;40;0;5
166;INDONESIA;JAWA TIMUR;26/03/2020;59;3;4
167;INDONESIA;KALIMANTAN BARAT;26/03/2020;3;0;0
168;INDONESIA;KALIMANTAN TIMUR;26/03/2020;11;0;0
169;INDONESIA;KALIMANTAN TENGAH;26/03/2020;6;0;0
170;INDONESIA;KALIMANTAN SELATAN;26/03/2020;1;0;0
171;INDONESIA;KEPULAUAN RIAU;26/03/2020;5;0;1
172;INDONESIA;NUSA TENGGARA BARAT;26/03/2020;2;0;0
173;INDONESIA;SUMATERA SELATAN;26/03/2020;1;0;1
174;INDONESIA;SUMATERA BARAT;26/03/2020;3;0;0
175;INDONESIA;SULAWESI UTARA;26/03/2020;2;0;0
176;INDONESIA;SUMATERA UTARA;26/03/2020;8;0;1
177;INDONESIA;SULAWESI TENGGARA;26/03/2020;3;0;0
178;INDONESIA;SULAWESI SELATAN;26/03/2020;27;0;1
179;INDONESIA;SULAWESI TENGAH;26/03/2020;1;0;0
180;INDONESIA;LAMPUNG;26/03/2020;3;0;0
181;INDONESIA;RIAU;26/03/2020;2;0;0
182;INDONESIA;MALUKU UTARA;26/03/2020;1;0;0
183;INDONESIA;MALUKU ;26/03/2020;1;0;0
184;INDONESIA;PAPUA;26/03/2020;7;0;0
185;INDONESIA;ACEH;27/03/2020;4;0;0
186;INDONESIA;BALI;27/03/2020;9;0;2
187;INDONESIA;BANTEN;27/03/2020;84;1;4
188;INDONESIA;DI YOGYAKARTA;27/03/2020;22;1;2
189;INDONESIA;DKI JAKARTA;27/03/2020;598;31;51
190;INDONESIA;JAMBI;27/03/2020;1;0;0
191;INDONESIA;JAWA BARAT;27/03/2020;98;5;14
192;INDONESIA;JAWA TENGAH;27/03/2020;43;0;5
193;INDONESIA;JAWA TIMUR;27/03/2020;66;8;5
194;INDONESIA;KALIMANTAN BARAT;27/03/2020;3;0;0
195;INDONESIA;KALIMANTAN TIMUR;27/03/2020;11;0;0
196;INDONESIA;KALIMANTAN TENGAH;27/03/2020;6;0;0
197;INDONESIA;KALIMANTAN SELATAN;27/03/2020;1;0;0
198;INDONESIA;KEPULAUAN RIAU;27/03/2020;5;0;1
199;INDONESIA;NUSA TENGGARA BARAT;27/03/2020;2;0;0
200;INDONESIA;SUMATERA SELATAN;27/03/2020;1;0;1
201;INDONESIA;SUMATERA BARAT;27/03/2020;5;0;0
202;INDONESIA;SULAWESI UTARA;27/03/2020;2;0;0
203;INDONESIA;SUMATERA UTARA;27/03/2020;8;0;1
204;INDONESIA;SULAWESI TENGGARA;27/03/2020;3;0;0
205;INDONESIA;SULAWESI SELATAN;27/03/2020;29;0;1
206;INDONESIA;SULAWESI TENGAH;27/03/2020;1;0;0
207;INDONESIA;LAMPUNG;27/03/2020;4;0;0
208;INDONESIA;RIAU;27/03/2020;1;0;0
209;INDONESIA;MALUKU UTARA;27/03/2020;1;0;0
210;INDONESIA;MALUKU ;27/03/2020;1;0;0
211;INDONESIA;PAPUA BARAT;27/03/2020;2;0;0
212;INDONESIA;PAPUA;27/03/2020;7;0;0
213;INDONESIA;ACEH;28/03/2020;4;0;0
214;INDONESIA;BALI;28/03/2020;9;0;2
215;INDONESIA;BANTEN;28/03/2020;103;1;4
216;INDONESIA;DI YOGYAKARTA;28/03/2020;22;1;2
217;INDONESIA;DKI JAKARTA;28/03/2020;627;43;62
218;INDONESIA;JAMBI;28/03/2020;1;0;0
219;INDONESIA;JAWA BARAT;28/03/2020;119;6;17
220;INDONESIA;JAWA TENGAH;28/03/2020;55;0;6
221;INDONESIA;JAWA TIMUR;28/03/2020;77;8;5
222;INDONESIA;KALIMANTAN BARAT;28/03/2020;3;0;0
223;INDONESIA;KALIMANTAN TIMUR;28/03/2020;17;0;0
224;INDONESIA;KALIMANTAN TENGAH;28/03/2020;7;0;0
225;INDONESIA;KALIMANTAN SELATAN;28/03/2020;1;0;0
226;INDONESIA;KEPULAUAN RIAU;28/03/2020;5;0;1
227;INDONESIA;NUSA TENGGARA BARAT;28/03/2020;2;0;0
228;INDONESIA;SUMATERA SELATAN;28/03/2020;2;0;1
229;INDONESIA;SUMATERA BARAT;28/03/2020;5;0;0
230;INDONESIA;SULAWESI UTARA;28/03/2020;2;0;0
231;INDONESIA;SUMATERA UTARA;28/03/2020;8;0;1
232;INDONESIA;SULAWESI TENGGARA;28/03/2020;3;0;0
233;INDONESIA;SULAWESI SELATAN;28/03/2020;33;0;1
234;INDONESIA;SULAWESI TENGAH;28/03/2020;2;0;0
235;INDONESIA;LAMPUNG;28/03/2020;4;0;0
236;INDONESIA;RIAU;28/03/2020;1;0;0
237;INDONESIA;MALUKU UTARA;28/03/2020;1;0;0
238;INDONESIA;MALUKU ;28/03/2020;1;0;0
239;INDONESIA;PAPUA BARAT;28/03/2020;2;0;0
240;INDONESIA;KALIMANTAN UTARA;28/03/2020;2;0;0
241;INDONESIA;PAPUA;28/03/2020;7;0;0
242;INDONESIA;ACEH;29/03/2020;5;0;0
243;INDONESIA;BALI;29/03/2020;10;0;2
244;INDONESIA;BANTEN;29/03/2020;106;1;4
245;INDONESIA;DI YOGYAKARTA;29/03/2020;22;1;2
246;INDONESIA;DKI JAKARTA;29/03/2020;675;45;68
247;INDONESIA;JAMBI;29/03/2020;1;0;0
248;INDONESIA;JAWA BARAT;29/03/2020;149;6;19
249;INDONESIA;JAWA TENGAH;29/03/2020;63;0;7
250;INDONESIA;JAWA TIMUR;29/03/2020;90;11;7
251;INDONESIA;KALIMANTAN BARAT;29/03/2020;8;0;0
252;INDONESIA;KALIMANTAN TIMUR;29/03/2020;17;0;0
253;INDONESIA;KALIMANTAN TENGAH;29/03/2020;7;0;0
254;INDONESIA;KALIMANTAN SELATAN;29/03/2020;1;0;0
255;INDONESIA;KEPULAUAN RIAU;29/03/2020;5;0;1
256;INDONESIA;NUSA TENGGARA BARAT;29/03/2020;2;0;0
257;INDONESIA;SUMATERA SELATAN;29/03/2020;2;0;2
258;INDONESIA;SUMATERA BARAT;29/03/2020;5;0;0
259;INDONESIA;SULAWESI UTARA;29/03/2020;2;0;0
260;INDONESIA;SUMATERA UTARA;29/03/2020;8;0;1
261;INDONESIA;SULAWESI TENGGARA;29/03/2020;3;0;0
262;INDONESIA;SULAWESI SELATAN;29/03/2020;48;0;1
263;INDONESIA;SULAWESI TENGAH;29/03/2020;2;0;0
264;INDONESIA;LAMPUNG;29/03/2020;4;0;0
265;INDONESIA;RIAU;29/03/2020;2;0;0
266;INDONESIA;MALUKU UTARA;29/03/2020;1;0;0
267;INDONESIA;MALUKU ;29/03/2020;1;0;0
268;INDONESIA;PAPUA BARAT;29/03/2020;2;0;0
269;INDONESIA;KALIMANTAN UTARA;29/03/2020;2;0;0
270;INDONESIA;PAPUA;29/03/2020;9;0;0
271;INDONESIA;SULAWESI BARAT;29/03/2020;1;0;0
272;INDONESIA;ACEH;30/03/2020;5;0;0
273;INDONESIA;BALI;30/03/2020;19;0;2
274;INDONESIA;BANTEN;30/03/2020;128;1;4
275;INDONESIA;BANGKA BELITUNG;30/03/2020;1;0;0
276;INDONESIA;DI YOGYAKARTA;30/03/2020;18;1;2
277;INDONESIA;DKI JAKARTA;30/03/2020;698;48;74
278;INDONESIA;JAMBI;30/03/2020;2;0;0
279;INDONESIA;JAWA BARAT;30/03/2020;180;8;20
280;INDONESIA;JAWA TENGAH;30/03/2020;81;0;7
281;INDONESIA;JAWA TIMUR;30/03/2020;91;16;8
282;INDONESIA;KALIMANTAN BARAT;30/03/2020;9;0;0
283;INDONESIA;KALIMANTAN TIMUR;30/03/2020;17;0;0
284;INDONESIA;KALIMANTAN TENGAH;30/03/2020;7;0;0
285;INDONESIA;KALIMANTAN SELATAN;30/03/2020;5;0;0
286;INDONESIA;KALIMANTAN UTARA;30/03/2020;2;0;0
287;INDONESIA;KEPULAUAN RIAU;30/03/2020;6;0;1
288;INDONESIA;NUSA TENGGARA BARAT;30/03/2020;2;0;0
289;INDONESIA;SUMATERA SELATAN;30/03/2020;2;0;2
290;INDONESIA;SUMATERA BARAT;30/03/2020;8;0;0
291;INDONESIA;SUMATERA UTARA;30/03/2020;13;0;1
292;INDONESIA;SULAWESI UTARA;30/03/2020;2;1;0
293;INDONESIA;SULAWESI TENGGARA;30/03/2020;3;0;0
294;INDONESIA;SULAWESI SELATAN;30/03/2020;50;0;1
295;INDONESIA;SULAWESI TENGAH;30/03/2020;3;0;0
296;INDONESIA;LAMPUNG;30/03/2020;8;0;0
297;INDONESIA;RIAU;30/03/2020;3;0;0
298;INDONESIA;MALUKU UTARA;30/03/2020;1;0;0
299;INDONESIA;MALUKU ;30/03/2020;1;0;0
300;INDONESIA;PAPUA BARAT;30/03/2020;2;0;0
301;INDONESIA;PAPUA;30/03/2020;9;0;0
302;INDONESIA;SULAWESI BARAT;30/03/2020;1;0;0
303;INDONESIA;ACEH;31/03/2020;5;0;0
304;INDONESIA;BALI;31/03/2020;19;0;2
305;INDONESIA;BANTEN;31/03/2020;142;2;4
306;INDONESIA;BANGKA BELITUNG;31/03/2020;2;0;0
307;INDONESIA;DI YOGYAKARTA;31/03/2020;23;1;2
308;INDONESIA;DKI JAKARTA;31/03/2020;747;48;83
309;INDONESIA;JAMBI;31/03/2020;2;0;0
310;INDONESIA;JAWA BARAT;31/03/2020;198;11;21
311;INDONESIA;JAWA TENGAH;31/03/2020;93;0;7
312;INDONESIA;JAWA TIMUR;31/03/2020;93;16;8
313;INDONESIA;KALIMANTAN BARAT;31/03/2020;9;2;2
314;INDONESIA;KALIMANTAN TIMUR;31/03/2020;20;0;0
315;INDONESIA;KALIMANTAN TENGAH;31/03/2020;9;0;0
316;INDONESIA;KALIMANTAN SELATAN;31/03/2020;8;0;0
317;INDONESIA;KALIMANTAN UTARA;31/03/2020;2;0;0
318;INDONESIA;KEPULAUAN RIAU;31/03/2020;7;0;1
319;INDONESIA;NUSA TENGGARA BARAT;31/03/2020;4;0;0
320;INDONESIA;SUMATERA SELATAN;31/03/2020;5;0;2
321;INDONESIA;SUMATERA BARAT;31/03/2020;8;0;0
322;INDONESIA;SUMATERA UTARA;31/03/2020;19;0;1
323;INDONESIA;SULAWESI UTARA;31/03/2020;2;1;0
324;INDONESIA;SULAWESI TENGGARA;31/03/2020;3;0;0
325;INDONESIA;SULAWESI SELATAN;31/03/2020;50;0;1
326;INDONESIA;SULAWESI TENGAH;31/03/2020;3;0;0
327;INDONESIA;LAMPUNG;31/03/2020;8;0;0
328;INDONESIA;RIAU;31/03/2020;3;0;0
329;INDONESIA;MALUKU UTARA;31/03/2020;1;0;0
330;INDONESIA;MALUKU ;31/03/2020;1;0;0
331;INDONESIA;PAPUA BARAT;31/03/2020;2;0;1
332;INDONESIA;PAPUA;31/03/2020;10;0;0
333;INDONESIA;SULAWESI BARAT;31/03/2020;1;0;0
334;INDONESIA;BENGKULU;31/03/2020;1;0;1
335;INDONESIA;ACEH;01/04/2020;5;0;0
336;INDONESIA;BALI;01/04/2020;25;10;2
337;INDONESIA;BANTEN;01/04/2020;152;7;14
338;INDONESIA;BANGKA BELITUNG;01/04/2020;2;0;1
339;INDONESIA;DI YOGYAKARTA;01/04/2020;28;1;2
340;INDONESIA;DKI JAKARTA;01/04/2020;808;50;85
341;INDONESIA;JAMBI;01/04/2020;2;0;0
342;INDONESIA;JAWA BARAT;01/04/2020;220;11;21
343;INDONESIA;JAWA TENGAH;01/04/2020;104;0;7
344;INDONESIA;JAWA TIMUR;01/04/2020;104;17;9
345;INDONESIA;KALIMANTAN BARAT;01/04/2020;10;2;2
346;INDONESIA;KALIMANTAN TIMUR;01/04/2020;21;0;1
347;INDONESIA;KALIMANTAN TENGAH;01/04/2020;9;0;0
348;INDONESIA;KALIMANTAN SELATAN;01/04/2020;8;0;0
349;INDONESIA;KALIMANTAN UTARA;01/04/2020;2;0;0
350;INDONESIA;KEPULAUAN RIAU;01/04/2020;7;0;1
351;INDONESIA;NUSA TENGGARA BARAT;01/04/2020;6;0;0
352;INDONESIA;SUMATERA SELATAN;01/04/2020;5;0;2
353;INDONESIA;SUMATERA BARAT;01/04/2020;8;0;0
354;INDONESIA;SUMATERA UTARA;01/04/2020;22;0;3
355;INDONESIA;SULAWESI UTARA;01/04/2020;3;1;0
356;INDONESIA;SULAWESI TENGGARA;01/04/2020;3;0;0
357;INDONESIA;SULAWESI SELATAN;01/04/2020;66;0;5
358;INDONESIA;SULAWESI TENGAH;01/04/2020;2;0;0
359;INDONESIA;LAMPUNG;01/04/2020;8;0;0
360;INDONESIA;RIAU;01/04/2020;3;1;0
361;INDONESIA;MALUKU UTARA;01/04/2020;1;0;0
362;INDONESIA;MALUKU ;01/04/2020;1;1;0
363;INDONESIA;PAPUA BARAT;01/04/2020;2;2;1
364;INDONESIA;PAPUA;01/04/2020;10;0;0
365;INDONESIA;SULAWESI BARAT;01/04/2020;1;0;0
366;INDONESIA;BENGKULU;01/04/2020;1;0;1
367;INDONESIA;ACEH;02/04/2020;5;0;0
368;INDONESIA;BALI;02/04/2020;25;10;2
369;INDONESIA;BANTEN;02/04/2020;164;7;14
370;INDONESIA;BANGKA BELITUNG;02/04/2020;2;0;1
371;INDONESIA;DI YOGYAKARTA;02/04/2020;27;1;3
372;INDONESIA;DKI JAKARTA;02/04/2020;897;52;90
373;INDONESIA;JAMBI;02/04/2020;2;0;0
374;INDONESIA;JAWA BARAT;02/04/2020;223;11;25
375;INDONESIA;JAWA TENGAH;02/04/2020;104;0;7
376;INDONESIA;JAWA TIMUR;02/04/2020;104;22;11
377;INDONESIA;KALIMANTAN BARAT;02/04/2020;10;2;2
378;INDONESIA;KALIMANTAN TIMUR;02/04/2020;21;0;1
379;INDONESIA;KALIMANTAN TENGAH;02/04/2020;9;2;0
380;INDONESIA;KALIMANTAN SELATAN;02/04/2020;8;0;0
381;INDONESIA;KALIMANTAN UTARA;02/04/2020;2;0;0
382;INDONESIA;KEPULAUAN RIAU;02/04/2020;7;0;1
383;INDONESIA;NUSA TENGGARA BARAT;02/04/2020;6;0;0
384;INDONESIA;SUMATERA SELATAN;02/04/2020;11;0;2
385;INDONESIA;SUMATERA BARAT;02/04/2020;8;0;0
386;INDONESIA;SUMATERA UTARA;02/04/2020;22;0;3
387;INDONESIA;SULAWESI UTARA;02/04/2020;3;1;0
388;INDONESIA;SULAWESI TENGGARA;02/04/2020;3;0;0
389;INDONESIA;SULAWESI SELATAN;02/04/2020;66;0;5
390;INDONESIA;SULAWESI TENGAH;02/04/2020;2;0;0
391;INDONESIA;LAMPUNG;02/04/2020;8;0;1
392;INDONESIA;RIAU;02/04/2020;7;1;0
393;INDONESIA;MALUKU UTARA;02/04/2020;1;0;0
394;INDONESIA;MALUKU ;02/04/2020;1;1;0
395;INDONESIA;PAPUA BARAT;02/04/2020;2;0;1
396;INDONESIA;PAPUA;02/04/2020;10;2;0
397;INDONESIA;SULAWESI BARAT;02/04/2020;1;0;0
398;INDONESIA;BENGKULU;02/04/2020;1;0;1
399;INDONESIA;ACEH;03/04/2020;5;0;0
400;INDONESIA;BALI;03/04/2020;27;10;2
401;INDONESIA;BANTEN;03/04/2020;170;7;14
402;INDONESIA;BANGKA BELITUNG;03/04/2020;2;0;1
403;INDONESIA;BENGKULU;03/04/2020;2;0;1
404;INDONESIA;DI YOGYAKARTA;03/04/2020;27;1;3
405;INDONESIA;DKI JAKARTA;03/04/2020;971;52;90
406;INDONESIA;JAMBI;03/04/2020;2;0;0
407;INDONESIA;JAWA BARAT;03/04/2020;225;12;25
408;INDONESIA;JAWA TENGAH;03/04/2020;114;11;18
409;INDONESIA;JAWA TIMUR;03/04/2020;155;25;11
410;INDONESIA;KALIMANTAN BARAT;03/04/2020;10;2;2
411;INDONESIA;KALIMANTAN TIMUR;03/04/2020;22;0;1
412;INDONESIA;KALIMANTAN TENGAH;03/04/2020;12;2;0
413;INDONESIA;KALIMANTAN SELATAN;03/04/2020;8;0;0
414;INDONESIA;KALIMANTAN UTARA;03/04/2020;8;0;0
415;INDONESIA;KEPULAUAN RIAU;03/04/2020;8;0;1
416;INDONESIA;NUSA TENGGARA BARAT;03/04/2020;7;2;0
417;INDONESIA;SUMATERA SELATAN;03/04/2020;12;0;2
418;INDONESIA;SUMATERA BARAT;03/04/2020;8;0;0
419;INDONESIA;SULAWESI UTARA;03/04/2020;3;1;0
420;INDONESIA;SUMATERA UTARA;03/04/2020;22;0;3
421;INDONESIA;SULAWESI TENGGARA;03/04/2020;6;0;0
422;INDONESIA;SULAWESI SELATAN;03/04/2020;82;4;5
423;INDONESIA;SULAWESI TENGAH;03/04/2020;4;0;0
424;INDONESIA;LAMPUNG;03/04/2020;12;0;1
425;INDONESIA;RIAU;03/04/2020;10;1;0
426;INDONESIA;MALUKU UTARA;03/04/2020;1;0;0
427;INDONESIA;MALUKU ;03/04/2020;1;1;0
428;INDONESIA;PAPUA BARAT;03/04/2020;2;0;1
429;INDONESIA;PAPUA;03/04/2020;16;3;0
430;INDONESIA;SULAWESI BARAT;03/04/2020;1;0;0
431;INDONESIA;ACEH;04/04/2020;5;0;1
432;INDONESIA;BALI;04/04/2020;32;10;2
433;INDONESIA;BANTEN;04/04/2020;173;7;17
434;INDONESIA;BANGKA BELITUNG;04/04/2020;2;0;1
435;INDONESIA;BENGKULU;04/04/2020;2;0;1
436;INDONESIA;DI YOGYAKARTA;04/04/2020;33;1;3
437;INDONESIA;DKI JAKARTA;04/04/2020;1028;56;89
438;INDONESIA;JAMBI;04/04/2020;2;0;0
439;INDONESIA;JAWA BARAT;04/04/2020;247;12;28
440;INDONESIA;JAWA TENGAH;04/04/2020;120;11;18
441;INDONESIA;JAWA TIMUR;04/04/2020;152;29;14
442;INDONESIA;KALIMANTAN BARAT;04/04/2020;10;2;2
443;INDONESIA;KALIMANTAN TIMUR;04/04/2020;24;1;1
444;INDONESIA;KALIMANTAN TENGAH;04/04/2020;11;2;0
445;INDONESIA;KALIMANTAN SELATAN;04/04/2020;8;0;0
446;INDONESIA;KALIMANTAN UTARA;04/04/2020;8;0;0
447;INDONESIA;KEPULAUAN RIAU;04/04/2020;8;2;1
448;INDONESIA;NUSA TENGGARA BARAT;04/04/2020;7;0;0
449;INDONESIA;SUMATERA SELATAN;04/04/2020;12;1;2
450;INDONESIA;SUMATERA BARAT;04/04/2020;8;0;0
451;INDONESIA;SULAWESI UTARA;04/04/2020;3;1;0
452;INDONESIA;SUMATERA UTARA;04/04/2020;25;0;3
453;INDONESIA;SULAWESI TENGGARA;04/04/2020;5;1;0
454;INDONESIA;SULAWESI SELATAN;04/04/2020;82;9;5
455;INDONESIA;SULAWESI TENGAH;04/04/2020;4;0;0
456;INDONESIA;LAMPUNG;04/04/2020;11;0;1
457;INDONESIA;RIAU;04/04/2020;10;1;0
458;INDONESIA;MALUKU UTARA;04/04/2020;1;0;0
459;INDONESIA;MALUKU ;04/04/2020;1;1;0
460;INDONESIA;PAPUA BARAT;04/04/2020;2;0;1
461;INDONESIA;PAPUA;04/04/2020;18;3;1
462;INDONESIA;SULAWESI BARAT;04/04/2020;1;0;0
463;INDONESIA;ACEH;05/04/2020;5;0;1
464;INDONESIA;BALI;05/04/2020;35;18;2
465;INDONESIA;BANTEN;05/04/2020;177;7;17
466;INDONESIA;BANGKA BELITUNG;05/04/2020;2;0;1
467;INDONESIA;BENGKULU;05/04/2020;2;0;1
468;INDONESIA;DI YOGYAKARTA;05/04/2020;34;1;3
469;INDONESIA;DKI JAKARTA;05/04/2020;1124;56;95
470;INDONESIA;JAMBI;05/04/2020;2;0;0
471;INDONESIA;JAWA BARAT;05/04/2020;252;12;28
472;INDONESIA;JAWA TENGAH;05/04/2020;120;14;18
473;INDONESIA;JAWA TIMUR;05/04/2020;188;30;14
474;INDONESIA;KALIMANTAN BARAT;05/04/2020;10;2;2
475;INDONESIA;KALIMANTAN TIMUR;05/04/2020;30;1;1
476;INDONESIA;KALIMANTAN TENGAH;05/04/2020;11;4;0
477;INDONESIA;KALIMANTAN SELATAN;05/04/2020;16;0;0
478;INDONESIA;KALIMANTAN UTARA;05/04/2020;8;0;0
479;INDONESIA;KEPULAUAN RIAU;05/04/2020;9;2;1
480;INDONESIA;NUSA TENGGARA BARAT;05/04/2020;7;0;0
481;INDONESIA;SUMATERA SELATAN;05/04/2020;16;1;2
482;INDONESIA;SUMATERA BARAT;05/04/2020;8;0;0
483;INDONESIA;SULAWESI UTARA;05/04/2020;3;1;0
484;INDONESIA;SUMATERA UTARA;05/04/2020;25;0;4
485;INDONESIA;SULAWESI TENGGARA;05/04/2020;6;1;0
486;INDONESIA;SULAWESI SELATAN;05/04/2020;83;9;5
487;INDONESIA;SULAWESI TENGAH;05/04/2020;4;0;0
488;INDONESIA;LAMPUNG;05/04/2020;11;0;1
489;INDONESIA;RIAU;05/04/2020;11;1;0
490;INDONESIA;MALUKU UTARA;05/04/2020;1;0;0
491;INDONESIA;MALUKU ;05/04/2020;1;1;0
492;INDONESIA;PAPUA BARAT;05/04/2020;2;0;1
493;INDONESIA;PAPUA;05/04/2020;26;3;1
494;INDONESIA;SULAWESI BARAT;05/04/2020;2;0;0
495;INDONESIA;ACEH;06/04/2020;5;0;1
496;INDONESIA;BALI;06/04/2020;43;18;2
497;INDONESIA;BANTEN;06/04/2020;187;7;17
498;INDONESIA;BANGKA BELITUNG;06/04/2020;2;0;1
499;INDONESIA;BENGKULU;06/04/2020;2;0;1
500;INDONESIA;DI YOGYAKARTA;06/04/2020;40;1;3
501;INDONESIA;DKI JAKARTA;06/04/2020;1232;65;99
502;INDONESIA;JAMBI;06/04/2020;2;0;0
503;INDONESIA;JAWA BARAT;06/04/2020;263;13;29
504;INDONESIA;JAWA TENGAH;06/04/2020;132;14;22
505;INDONESIA;JAWA TIMUR;06/04/2020;189;38;14
506;INDONESIA;KALIMANTAN BARAT;06/04/2020;12;2;2
507;INDONESIA;KALIMANTAN TIMUR;06/04/2020;31;1;1
508;INDONESIA;KALIMANTAN TENGAH;06/04/2020;20;4;0
509;INDONESIA;KALIMANTAN SELATAN;06/04/2020;18;0;0
510;INDONESIA;KALIMANTAN UTARA;06/04/2020;15;0;0
511;INDONESIA;KEPULAUAN RIAU;06/04/2020;9;2;1
512;INDONESIA;NUSA TENGGARA BARAT;06/04/2020;10;0;0
513;INDONESIA;SUMATERA SELATAN;06/04/2020;16;1;2
514;INDONESIA;SUMATERA BARAT;06/04/2020;18;0;0
515;INDONESIA;SULAWESI UTARA;06/04/2020;5;1;0
516;INDONESIA;SUMATERA UTARA;06/04/2020;26;0;4
517;INDONESIA;SULAWESI TENGGARA;06/04/2020;7;1;0
518;INDONESIA;SULAWESI SELATAN;06/04/2020;113;19;6
519;INDONESIA;SULAWESI TENGAH;06/04/2020;4;0;0
520;INDONESIA;LAMPUNG;06/04/2020;12;0;1
521;INDONESIA;RIAU;06/04/2020;12;1;0
522;INDONESIA;MALUKU UTARA;06/04/2020;1;0;0
523;INDONESIA;MALUKU ;06/04/2020;1;1;0
524;INDONESIA;PAPUA BARAT;06/04/2020;2;0;1
525;INDONESIA;PAPUA;06/04/2020;26;3;2
526;INDONESIA;SULAWESI BARAT;06/04/2020;2;0;0
527;INDONESIA;ACEH;07/04/2020;5;0;1
528;INDONESIA;BALI;07/04/2020;43;18;2
529;INDONESIA;BANTEN;07/04/2020;194;7;18
530;INDONESIA;BANGKA BELITUNG;07/04/2020;2;0;1
531;INDONESIA;BENGKULU;07/04/2020;2;0;1
532;INDONESIA;DI YOGYAKARTA;07/04/2020;41;1;3
533;INDONESIA;DKI JAKARTA;07/04/2020;1369;65;106
534;INDONESIA;JAMBI;07/04/2020;2;0;0
535;INDONESIA;JAWA BARAT;07/04/2020;343;17;29
536;INDONESIA;JAWA TENGAH;07/04/2020;133;14;22
537;INDONESIA;JAWA TIMUR;07/04/2020;194;41;16
538;INDONESIA;KALIMANTAN BARAT;07/04/2020;10;3;2
539;INDONESIA;KALIMANTAN TIMUR;07/04/2020;31;1;1
540;INDONESIA;KALIMANTAN TENGAH;07/04/2020;20;6;0
541;INDONESIA;KALIMANTAN SELATAN;07/04/2020;18;0;0
542;INDONESIA;KALIMANTAN UTARA;07/04/2020;15;0;0
543;INDONESIA;KEPULAUAN RIAU;07/04/2020;9;2;1
544;INDONESIA;NUSA TENGGARA BARAT;07/04/2020;10;0;0
545;INDONESIA;SUMATERA SELATAN;07/04/2020;16;1;2
546;INDONESIA;SUMATERA BARAT;07/04/2020;18;0;0
547;INDONESIA;SULAWESI UTARA;07/04/2020;8;1;0
548;INDONESIA;SUMATERA UTARA;07/04/2020;26;0;4
549;INDONESIA;SULAWESI TENGGARA;07/04/2020;7;1;0
550;INDONESIA;SULAWESI SELATAN;07/04/2020;127;21;6
551;INDONESIA;SULAWESI TENGAH;07/04/2020;5;0;2
552;INDONESIA;LAMPUNG;07/04/2020;12;0;1
553;INDONESIA;RIAU;07/04/2020;12;1;0
554;INDONESIA;MALUKU UTARA;07/04/2020;11;0;0
555;INDONESIA;MALUKU ;07/04/2020;2;1;0
556;INDONESIA;PAPUA BARAT;07/04/2020;26;0;1
557;INDONESIA;PAPUA;07/04/2020;2;3;2
558;INDONESIA;SULAWESI BARAT;07/04/2020;34;0;0
559;INDONESIA;ACEH;08/04/2020;6;0;1
560;INDONESIA;BALI;08/04/2020;49;18;2
561;INDONESIA;BANTEN;08/04/2020;212;7;18
562;INDONESIA;BANGKA BELITUNG;08/04/2020;2;0;1
563;INDONESIA;BENGKULU;08/04/2020;2;0;1
564;INDONESIA;DI YOGYAKARTA;08/04/2020;41;6;7
565;INDONESIA;DKI JAKARTA;08/04/2020;1470;70;114
566;INDONESIA;JAMBI;08/04/2020;2;0;0
567;INDONESIA;JAWA BARAT;08/04/2020;365;17;35
568;INDONESIA;JAWA TENGAH;08/04/2020;140;14;22
569;INDONESIA;JAWA TIMUR;08/04/2020;196;46;16
570;INDONESIA;KALIMANTAN BARAT;08/04/2020;10;3;2
571;INDONESIA;KALIMANTAN TIMUR;08/04/2020;32;4;1
572;INDONESIA;KALIMANTAN TENGAH;08/04/2020;20;6;0
573;INDONESIA;KALIMANTAN SELATAN;08/04/2020;22;0;0
574;INDONESIA;KALIMANTAN UTARA;08/04/2020;16;0;0
575;INDONESIA;KEPULAUAN RIAU;08/04/2020;9;2;1
576;INDONESIA;NUSA TENGGARA BARAT;08/04/2020;10;0;0
577;INDONESIA;SUMATERA SELATAN;08/04/2020;16;1;2
578;INDONESIA;SUMATERA BARAT;08/04/2020;18;0;0
579;INDONESIA;SULAWESI UTARA;08/04/2020;8;1;1
580;INDONESIA;SUMATERA UTARA;08/04/2020;59;0;4
581;INDONESIA;SULAWESI TENGGARA;08/04/2020;11;1;0
582;INDONESIA;SULAWESI SELATAN;08/04/2020;127;21;6
583;INDONESIA;SULAWESI TENGAH;08/04/2020;5;0;2
584;INDONESIA;LAMPUNG;08/04/2020;15;0;1
585;INDONESIA;RIAU;08/04/2020;12;1;0
586;INDONESIA;MALUKU UTARA;08/04/2020;2;0;0
587;INDONESIA;MALUKU ;08/04/2020;3;1;0
588;INDONESIA;PAPUA BARAT;08/04/2020;2;0;1
589;INDONESIA;PAPUA;08/04/2020;38;3;2
590;INDONESIA;SULAWESI BARAT;08/04/2020;2;0;0
591;INDONESIA;ACEH;09/04/2020;6;1;1
592;INDONESIA;BALI;09/04/2020;63;18;2
593;INDONESIA;BANTEN;09/04/2020;218;7;20
594;INDONESIA;BANGKA BELITUNG;09/04/2020;3;0;1
595;INDONESIA;BENGKULU;09/04/2020;4;0;1
596;INDONESIA;DI YOGYAKARTA;09/04/2020;41;6;7
597;INDONESIA;DKI JAKARTA;09/04/2020;1706;82;142
598;INDONESIA;JAMBI;09/04/2020;2;0;0
599;INDONESIA;JAWA BARAT;09/04/2020;376;19;40
600;INDONESIA;JAWA TENGAH;09/04/2020;144;18;22
601;INDONESIA;JAWA TIMUR;09/04/2020;223;49;17
602;INDONESIA;KALIMANTAN BARAT;09/04/2020;10;3;2
603;INDONESIA;KALIMANTAN TIMUR;09/04/2020;32;6;1
604;INDONESIA;KALIMANTAN TENGAH;09/04/2020;20;6;0
605;INDONESIA;KALIMANTAN SELATAN;09/04/2020;22;0;2
606;INDONESIA;KALIMANTAN UTARA;09/04/2020;16;0;0
607;INDONESIA;KEPULAUAN RIAU;09/04/2020;22;2;1
608;INDONESIA;NUSA TENGGARA BARAT;09/04/2020;16;2;0
609;INDONESIA;SUMATERA SELATAN;09/04/2020;17;1;2
610;INDONESIA;SUMATERA BARAT;09/04/2020;18;0;0
611;INDONESIA;SULAWESI UTARA;09/04/2020;8;1;1
612;INDONESIA;SUMATERA UTARA;09/04/2020;59;0;4
613;INDONESIA;SULAWESI TENGGARA;09/04/2020;15;1;0
614;INDONESIA;SULAWESI SELATAN;09/04/2020;138;23;8
615;INDONESIA;SULAWESI TENGAH;09/04/2020;5;0;2
616;INDONESIA;LAMPUNG;09/04/2020;15;1;1
617;INDONESIA;RIAU;09/04/2020;12;1;0
618;INDONESIA;MALUKU UTARA;09/04/2020;2;1;0
619;INDONESIA;MALUKU ;09/04/2020;3;1;0
620;INDONESIA;PAPUA BARAT;09/04/2020;2;0;1
621;INDONESIA;PAPUA;09/04/2020;38;3;2
622;INDONESIA;SULAWESI BARAT;09/04/2020;2;0;0
623;INDONESIA;NUSA TENGGARA TIMUR;09/04/2020;1;0;0
624;INDONESIA;ACEH;10/04/2020;5;1;1
625;INDONESIA;BALI;10/04/2020;75;19;2
626;INDONESIA;BANTEN;10/04/2020;243;7;21
627;INDONESIA;BANGKA BELITUNG;10/04/2020;3;0;1
628;INDONESIA;BENGKULU;10/04/2020;4;0;1
629;INDONESIA;DI YOGYAKARTA;10/04/2020;41;6;7
630;INDONESIA;DKI JAKARTA;10/04/2020;1753;82;154
631;INDONESIA;JAMBI;10/04/2020;2;0;0
632;INDONESIA;JAWA BARAT;10/04/2020;388;19;40
633;INDONESIA;JAWA TENGAH;10/04/2020;144;18;22
634;INDONESIA;JAWA TIMUR;10/04/2020;256;62;22
635;INDONESIA;KALIMANTAN BARAT;10/04/2020;10;3;2
636;INDONESIA;KALIMANTAN TIMUR;10/04/2020;35;6;1
637;INDONESIA;KALIMANTAN TENGAH;10/04/2020;24;7;1
638;INDONESIA;KALIMANTAN SELATAN;10/04/2020;29;0;2
639;INDONESIA;KALIMANTAN UTARA;10/04/2020;16;0;0
640;INDONESIA;KEPULAUAN RIAU;10/04/2020;21;2;1
641;INDONESIA;NUSA TENGGARA BARAT;10/04/2020;25;2;0
642;INDONESIA;SUMATERA SELATAN;10/04/2020;21;1;2
643;INDONESIA;SUMATERA BARAT;10/04/2020;31;6;3
644;INDONESIA;SULAWESI UTARA;10/04/2020;13;1;2
645;INDONESIA;SUMATERA UTARA;10/04/2020;59;8;4
646;INDONESIA;SULAWESI TENGGARA;10/04/2020;15;1;0
647;INDONESIA;SULAWESI SELATAN;10/04/2020;167;24;11
648;INDONESIA;SULAWESI TENGAH;10/04/2020;14;0;2
649;INDONESIA;LAMPUNG;10/04/2020;20;1;1
650;INDONESIA;RIAU;10/04/2020;13;1;0
651;INDONESIA;MALUKU UTARA;10/04/2020;2;1;0
652;INDONESIA;MALUKU ;10/04/2020;3;1;0
653;INDONESIA;PAPUA BARAT;10/04/2020;2;0;1
654;INDONESIA;PAPUA;10/04/2020;38;3;2
655;INDONESIA;SULAWESI BARAT;10/04/2020;3;0;0
656;INDONESIA;NUSA TENGGARA TIMUR;10/04/2020;1;0;0
657;INDONESIA;GORONTALO;10/04/2020;1;0;0
